-- phpMyAdmin SQL Dump
-- version 4.8.0.1
-- https://www.phpmyadmin.net/
--
-- Host: 127.0.0.1
-- Generation Time: Jul 07, 2018 at 06:24 PM
-- Server version: 10.1.32-MariaDB
-- PHP Version: 7.0.30

SET SQL_MODE = "NO_AUTO_VALUE_ON_ZERO";
SET AUTOCOMMIT = 0;
START TRANSACTION;
SET time_zone = "+00:00";


/*!40101 SET @OLD_CHARACTER_SET_CLIENT=@@CHARACTER_SET_CLIENT */;
/*!40101 SET @OLD_CHARACTER_SET_RESULTS=@@CHARACTER_SET_RESULTS */;
/*!40101 SET @OLD_COLLATION_CONNECTION=@@COLLATION_CONNECTION */;
/*!40101 SET NAMES utf8mb4 */;

--
-- Database: `pmanager`
--

-- --------------------------------------------------------

--
-- Table structure for table `comments`
--

CREATE TABLE `comments` (
  `id` int(10) UNSIGNED NOT NULL,
  `body` longtext COLLATE utf8mb4_unicode_ci NOT NULL,
  `url` varchar(255) COLLATE utf8mb4_unicode_ci DEFAULT NULL,
  `commentable_id` int(10) UNSIGNED NOT NULL,
  `commentable_type` varchar(191) COLLATE utf8mb4_unicode_ci NOT NULL,
  `user_id` int(10) UNSIGNED NOT NULL,
  `created_at` timestamp NULL DEFAULT NULL,
  `updated_at` timestamp NULL DEFAULT NULL
) ENGINE=InnoDB DEFAULT CHARSET=utf8mb4 COLLATE=utf8mb4_unicode_ci;

--
-- Dumping data for table `comments`
--

INSERT INTO `comments` (`id`, `body`, `url`, `commentable_id`, `commentable_type`, `user_id`, `created_at`, `updated_at`) VALUES
(1, 'I completed 7 screens for the mobile app project', 'These are the screens', 7, 'App\\Project', 2, '2018-07-02 07:05:04', '2018-07-02 07:05:04'),
(2, 'this is the lastest comment', 'fb.com/sean07058', 8, 'App\\Project', 2, '2018-07-03 08:56:27', '2018-07-03 08:56:27');

-- --------------------------------------------------------

--
-- Table structure for table `companies`
--

CREATE TABLE `companies` (
  `id` int(10) UNSIGNED NOT NULL,
  `name` varchar(191) COLLATE utf8mb4_unicode_ci NOT NULL,
  `description` longtext COLLATE utf8mb4_unicode_ci,
  `user_id` int(10) UNSIGNED NOT NULL,
  `created_at` timestamp NULL DEFAULT NULL,
  `updated_at` timestamp NULL DEFAULT NULL
) ENGINE=InnoDB DEFAULT CHARSET=utf8mb4 COLLATE=utf8mb4_unicode_ci;

--
-- Dumping data for table `companies`
--

INSERT INTO `companies` (`id`, `name`, `description`, `user_id`, `created_at`, `updated_at`) VALUES
(1, 'KMS TMA', 'Lorem Ipsum is simply dummy text of the printing and typesetting industry. Lorem Ipsum has been the industry\'s standard dummy text ever since the 1500s, when an unknown printer took a galley of type and scrambled it to make a type specimen book. It has survived not only five centuries, but also the leap into electronic typesetting, remaining essentially unchanged. It was popularised in the 1960s with the release of Letraset sheets containing Lorem Ipsum passages, and more recently with desktop publishing software like Aldus PageMaker including versions of Lorem Ipsum.', 1, '2018-06-20 17:00:00', '2018-06-25 00:18:12'),
(2, 'Tesler Motors Inc', 'THiss iss aslasldl l l', 2, '2018-06-29 00:05:59', '2018-06-29 00:07:26'),
(3, 'Blah blah blah company', 'Lorem Ipsum\r\n\"Neque porro quisquam est qui dolorem ipsum quia dolor sit amet, consectetur, adipisci velit...\"\r\n\"There is no one who loves pain itself, who seeks after it and wants to have it, simply because it is pain...\"', 2, '2018-06-29 01:16:08', '2018-06-29 01:16:08');

-- --------------------------------------------------------

--
-- Table structure for table `migrations`
--

CREATE TABLE `migrations` (
  `id` int(10) UNSIGNED NOT NULL,
  `migration` varchar(191) COLLATE utf8mb4_unicode_ci NOT NULL,
  `batch` int(11) NOT NULL
) ENGINE=InnoDB DEFAULT CHARSET=utf8mb4 COLLATE=utf8mb4_unicode_ci;

--
-- Dumping data for table `migrations`
--

INSERT INTO `migrations` (`id`, `migration`, `batch`) VALUES
(1, '2014_10_12_000000_create_users_table', 1),
(2, '2014_10_12_100000_create_password_resets_table', 1),
(3, '2018_06_19_175143_create_companies_table', 1),
(4, '2018_06_19_175330_create_projects_table', 1),
(5, '2018_06_19_182822_create_tasks_table', 1),
(6, '2018_06_20_113415_create_comments_table', 1),
(7, '2018_06_20_114117_create_roles_table', 1),
(8, '2018_06_20_120817_create_project_user_table', 1),
(9, '2018_06_20_121104_create_task_user_table', 1);

-- --------------------------------------------------------

--
-- Table structure for table `password_resets`
--

CREATE TABLE `password_resets` (
  `email` varchar(191) COLLATE utf8mb4_unicode_ci NOT NULL,
  `token` varchar(191) COLLATE utf8mb4_unicode_ci NOT NULL,
  `created_at` timestamp NULL DEFAULT NULL
) ENGINE=InnoDB DEFAULT CHARSET=utf8mb4 COLLATE=utf8mb4_unicode_ci;

-- --------------------------------------------------------

--
-- Table structure for table `projects`
--

CREATE TABLE `projects` (
  `id` int(10) UNSIGNED NOT NULL,
  `name` varchar(191) COLLATE utf8mb4_unicode_ci NOT NULL,
  `description` longtext COLLATE utf8mb4_unicode_ci,
  `days` int(10) UNSIGNED DEFAULT NULL,
  `company_id` int(10) UNSIGNED DEFAULT NULL,
  `user_id` int(10) UNSIGNED NOT NULL,
  `created_at` timestamp NULL DEFAULT NULL,
  `updated_at` timestamp NULL DEFAULT NULL
) ENGINE=InnoDB DEFAULT CHARSET=utf8mb4 COLLATE=utf8mb4_unicode_ci;

--
-- Dumping data for table `projects`
--

INSERT INTO `projects` (`id`, `name`, `description`, `days`, `company_id`, `user_id`, `created_at`, `updated_at`) VALUES
(1, 'Zion5 phone', 'Accusamus molestias dolore ea qui ex. Vel nobis est officia molestias libero sapiente. Suscipit sint facere non quia ut nesciunt harum. Occaecati libero nostrum laboriosam ducimus nulla ad amet eaque beatae. Vitae et fugit.', 10, 1, 1, '2018-06-21 17:00:00', '2018-06-22 17:00:00'),
(2, 'Student Managerment App', 'Accusamus molestias dolore ea qui ex. Vel nobis est officia molestias libero sapiente. Suscipit sint facere non quia ut nesciunt harum. Occaecati libero nostrum laboriosam ducimus nulla ad amet eaque beatae. Vitae et fugit.\r\nAccusamus molestias dolore ea qui ex. Vel nobis est officia molestias libero sapiente. Suscipit sint facere non quia ut nesciunt harum. Occaecati libero nostrum laboriosam ducimus nulla ad amet eaque beatae. Vitae et fugit.', 10, 1, 1, '2018-06-21 17:00:00', '2018-06-22 17:00:00'),
(7, 'Badminton System', 'Accusamus molestias dolore ea qui ex. Vel nobis est officia molestias libero sapiente. Suscipit sint facere non quia ut nesciunt harum. Occaecati libero nostrum laboriosam ducimus nulla ad amet eaque beatae. Vitae et fugit.\r\nAccusamus molestias dolore ea qui ex. Vel nobis est officia molestias libero sapiente. Suscipit sint facere non quia ut nesciunt harum. Occaecati libero nostrum laboriosam ducimus nulla ad amet eaque beatae. Vitae et fugit.', 112, 2, 2, '2018-06-30 01:59:59', '2018-06-30 01:59:59'),
(8, 'Tesler Motors Inc blah blah', 'hahahhahhahahahhaha', 11, 2, 2, '2018-07-03 08:39:06', '2018-07-03 08:39:06');

-- --------------------------------------------------------

--
-- Table structure for table `project_user`
--

CREATE TABLE `project_user` (
  `id` int(10) UNSIGNED NOT NULL,
  `project_id` int(10) UNSIGNED NOT NULL,
  `user_id` int(10) UNSIGNED NOT NULL,
  `created_at` timestamp NULL DEFAULT NULL,
  `updated_at` timestamp NULL DEFAULT NULL
) ENGINE=InnoDB DEFAULT CHARSET=utf8mb4 COLLATE=utf8mb4_unicode_ci;

--
-- Dumping data for table `project_user`
--

INSERT INTO `project_user` (`id`, `project_id`, `user_id`, `created_at`, `updated_at`) VALUES
(1, 8, 2, NULL, NULL);

-- --------------------------------------------------------

--
-- Table structure for table `roles`
--

CREATE TABLE `roles` (
  `id` int(10) UNSIGNED NOT NULL,
  `name` varchar(191) COLLATE utf8mb4_unicode_ci NOT NULL,
  `created_at` timestamp NULL DEFAULT NULL,
  `updated_at` timestamp NULL DEFAULT NULL
) ENGINE=InnoDB DEFAULT CHARSET=utf8mb4 COLLATE=utf8mb4_unicode_ci;

--
-- Dumping data for table `roles`
--

INSERT INTO `roles` (`id`, `name`, `created_at`, `updated_at`) VALUES
(1, 'admin', NULL, NULL),
(2, 'moderators', NULL, NULL),
(3, 'user', NULL, NULL);

-- --------------------------------------------------------

--
-- Table structure for table `tasks`
--

CREATE TABLE `tasks` (
  `id` int(10) UNSIGNED NOT NULL,
  `name` varchar(191) COLLATE utf8mb4_unicode_ci NOT NULL,
  `days` int(10) UNSIGNED DEFAULT NULL,
  `hours` int(10) UNSIGNED DEFAULT NULL,
  `project_id` int(10) UNSIGNED NOT NULL,
  `user_id` int(10) UNSIGNED NOT NULL,
  `company_id` int(10) UNSIGNED DEFAULT NULL,
  `created_at` timestamp NULL DEFAULT NULL,
  `updated_at` timestamp NULL DEFAULT NULL
) ENGINE=InnoDB DEFAULT CHARSET=utf8mb4 COLLATE=utf8mb4_unicode_ci;

-- --------------------------------------------------------

--
-- Table structure for table `task_user`
--

CREATE TABLE `task_user` (
  `id` int(10) UNSIGNED NOT NULL,
  `task_id` int(10) UNSIGNED NOT NULL,
  `user_id` int(10) UNSIGNED NOT NULL,
  `created_at` timestamp NULL DEFAULT NULL,
  `updated_at` timestamp NULL DEFAULT NULL
) ENGINE=InnoDB DEFAULT CHARSET=utf8mb4 COLLATE=utf8mb4_unicode_ci;

-- --------------------------------------------------------

--
-- Table structure for table `users`
--

CREATE TABLE `users` (
  `id` int(10) UNSIGNED NOT NULL,
  `name` varchar(191) COLLATE utf8mb4_unicode_ci NOT NULL,
  `email` varchar(191) COLLATE utf8mb4_unicode_ci NOT NULL,
  `password` varchar(191) COLLATE utf8mb4_unicode_ci NOT NULL,
  `remember_token` varchar(100) COLLATE utf8mb4_unicode_ci DEFAULT NULL,
  `created_at` timestamp NULL DEFAULT NULL,
  `updated_at` timestamp NULL DEFAULT NULL,
  `first_name` varchar(191) COLLATE utf8mb4_unicode_ci DEFAULT NULL,
  `middle_name` varchar(191) COLLATE utf8mb4_unicode_ci DEFAULT NULL,
  `last_name` varchar(191) COLLATE utf8mb4_unicode_ci DEFAULT NULL,
  `city` varchar(191) COLLATE utf8mb4_unicode_ci DEFAULT NULL,
  `role_id` int(10) UNSIGNED NOT NULL DEFAULT '3'
) ENGINE=InnoDB DEFAULT CHARSET=utf8mb4 COLLATE=utf8mb4_unicode_ci;

--
-- Dumping data for table `users`
--

INSERT INTO `users` (`id`, `name`, `email`, `password`, `remember_token`, `created_at`, `updated_at`, `first_name`, `middle_name`, `last_name`, `city`, `role_id`) VALUES
(1, 'Phu Gia Heo', '', '123', NULL, NULL, NULL, NULL, NULL, NULL, NULL, 0),
(2, 'Luu Cuong', 'cuongkotam@gmail.com', '$2y$10$ubu9v8GR7yVLjKrAiRzhaeu7qPBwyg34LutIG0EnHlydGHkMNu0ae', 'sqkxNRW2yby1HjxRzAsTGGXSqxiScE2PmCbIWyYMIeSbst5BzhiDoHGN8OeC', '2018-06-28 23:32:14', '2018-06-28 23:32:14', NULL, NULL, NULL, NULL, 1);

--
-- Indexes for dumped tables
--

--
-- Indexes for table `comments`
--
ALTER TABLE `comments`
  ADD PRIMARY KEY (`id`),
  ADD KEY `comments_user_id_foreign` (`user_id`);

--
-- Indexes for table `companies`
--
ALTER TABLE `companies`
  ADD PRIMARY KEY (`id`),
  ADD KEY `companies_user_id_foreign` (`user_id`);

--
-- Indexes for table `migrations`
--
ALTER TABLE `migrations`
  ADD PRIMARY KEY (`id`);

--
-- Indexes for table `password_resets`
--
ALTER TABLE `password_resets`
  ADD KEY `password_resets_email_index` (`email`);

--
-- Indexes for table `projects`
--
ALTER TABLE `projects`
  ADD PRIMARY KEY (`id`),
  ADD KEY `projects_company_id_foreign` (`company_id`),
  ADD KEY `projects_user_id_foreign` (`user_id`);

--
-- Indexes for table `project_user`
--
ALTER TABLE `project_user`
  ADD PRIMARY KEY (`id`),
  ADD KEY `project_user_project_id_foreign` (`project_id`),
  ADD KEY `project_user_user_id_foreign` (`user_id`);

--
-- Indexes for table `roles`
--
ALTER TABLE `roles`
  ADD PRIMARY KEY (`id`);

--
-- Indexes for table `tasks`
--
ALTER TABLE `tasks`
  ADD PRIMARY KEY (`id`),
  ADD KEY `tasks_project_id_foreign` (`project_id`),
  ADD KEY `tasks_user_id_foreign` (`user_id`),
  ADD KEY `tasks_company_id_foreign` (`company_id`);

--
-- Indexes for table `task_user`
--
ALTER TABLE `task_user`
  ADD PRIMARY KEY (`id`),
  ADD KEY `task_user_task_id_foreign` (`task_id`),
  ADD KEY `task_user_user_id_foreign` (`user_id`);

--
-- Indexes for table `users`
--
ALTER TABLE `users`
  ADD PRIMARY KEY (`id`),
  ADD UNIQUE KEY `users_email_unique` (`email`);

--
-- AUTO_INCREMENT for dumped tables
--

--
-- AUTO_INCREMENT for table `comments`
--
ALTER TABLE `comments`
  MODIFY `id` int(10) UNSIGNED NOT NULL AUTO_INCREMENT, AUTO_INCREMENT=3;

--
-- AUTO_INCREMENT for table `companies`
--
ALTER TABLE `companies`
  MODIFY `id` int(10) UNSIGNED NOT NULL AUTO_INCREMENT, AUTO_INCREMENT=4;

--
-- AUTO_INCREMENT for table `migrations`
--
ALTER TABLE `migrations`
  MODIFY `id` int(10) UNSIGNED NOT NULL AUTO_INCREMENT, AUTO_INCREMENT=10;

--
-- AUTO_INCREMENT for table `projects`
--
ALTER TABLE `projects`
  MODIFY `id` int(10) UNSIGNED NOT NULL AUTO_INCREMENT, AUTO_INCREMENT=9;

--
-- AUTO_INCREMENT for table `project_user`
--
ALTER TABLE `project_user`
  MODIFY `id` int(10) UNSIGNED NOT NULL AUTO_INCREMENT, AUTO_INCREMENT=2;

--
-- AUTO_INCREMENT for table `roles`
--
ALTER TABLE `roles`
  MODIFY `id` int(10) UNSIGNED NOT NULL AUTO_INCREMENT, AUTO_INCREMENT=4;

--
-- AUTO_INCREMENT for table `tasks`
--
ALTER TABLE `tasks`
  MODIFY `id` int(10) UNSIGNED NOT NULL AUTO_INCREMENT;

--
-- AUTO_INCREMENT for table `task_user`
--
ALTER TABLE `task_user`
  MODIFY `id` int(10) UNSIGNED NOT NULL AUTO_INCREMENT;

--
-- AUTO_INCREMENT for table `users`
--
ALTER TABLE `users`
  MODIFY `id` int(10) UNSIGNED NOT NULL AUTO_INCREMENT, AUTO_INCREMENT=3;

--
-- Constraints for dumped tables
--

--
-- Constraints for table `comments`
--
ALTER TABLE `comments`
  ADD CONSTRAINT `comments_user_id_foreign` FOREIGN KEY (`user_id`) REFERENCES `users` (`id`);

--
-- Constraints for table `companies`
--
ALTER TABLE `companies`
  ADD CONSTRAINT `companies_user_id_foreign` FOREIGN KEY (`user_id`) REFERENCES `users` (`id`);

--
-- Constraints for table `projects`
--
ALTER TABLE `projects`
  ADD CONSTRAINT `projects_company_id_foreign` FOREIGN KEY (`company_id`) REFERENCES `companies` (`id`),
  ADD CONSTRAINT `projects_user_id_foreign` FOREIGN KEY (`user_id`) REFERENCES `users` (`id`);

--
-- Constraints for table `project_user`
--
ALTER TABLE `project_user`
  ADD CONSTRAINT `project_user_project_id_foreign` FOREIGN KEY (`project_id`) REFERENCES `projects` (`id`),
  ADD CONSTRAINT `project_user_user_id_foreign` FOREIGN KEY (`user_id`) REFERENCES `users` (`id`);

--
-- Constraints for table `tasks`
--
ALTER TABLE `tasks`
  ADD CONSTRAINT `tasks_company_id_foreign` FOREIGN KEY (`company_id`) REFERENCES `companies` (`id`),
  ADD CONSTRAINT `tasks_project_id_foreign` FOREIGN KEY (`project_id`) REFERENCES `projects` (`id`),
  ADD CONSTRAINT `tasks_user_id_foreign` FOREIGN KEY (`user_id`) REFERENCES `users` (`id`);

--
-- Constraints for table `task_user`
--
ALTER TABLE `task_user`
  ADD CONSTRAINT `task_user_task_id_foreign` FOREIGN KEY (`task_id`) REFERENCES `tasks` (`id`),
  ADD CONSTRAINT `task_user_user_id_foreign` FOREIGN KEY (`user_id`) REFERENCES `users` (`id`);
COMMIT;

/*!40101 SET CHARACTER_SET_CLIENT=@OLD_CHARACTER_SET_CLIENT */;
/*!40101 SET CHARACTER_SET_RESULTS=@OLD_CHARACTER_SET_RESULTS */;
/*!40101 SET COLLATION_CONNECTION=@OLD_COLLATION_CONNECTION */;
